개수 : 상대빈도,열 레이블,
행 레이블,Noun,총합계
노래,222,222
회수,199,199
진짜,146,146
제목,131,131
은솔,124,124
뭐,116,116
거,112,112
영상,105,105
이,104,104
사람,94,94
좀,92,92
이름,83,83
보창,78,78
악플,72,72
왜,71,71
몸매,70,70
보고,68,68
댓글,66,66
춤,64,64
여자,63,63
직캠,62,62
언니,59,59
밤비노,56,56
뭐임,48,48
분,48,48
저,46,46
조회,46,46
남자,45,45
개,44,44
생각,41,41
얼굴,39,39
더,39,39
말,33,33
여기,30,30
나,30,30
인터뷰,29,29
의상,29,29
성희롱,29,29
수가,28,28
뭔가,28,28
내,28,28
데,28,28
걸,28,28
애,27,27
댄스,27,27
존나,26,26
정도,26,26
섹시,26,26
사랑,26,26
임,25,25
정말,24,24
이노,24,24
것,24,24
도,24,24
듯,24,24
그냥,24,24
자기,22,22
레전드,22,22
깨박,22,22
실화,21,21
오늘,20,20
마음,20,20
브금,20,20
눈,20,20
건양대,20,20
제발,19,19
안,19,19
성적,19,19
손,19,19
때,19,19
오,19,19
그,19,19
공연,19,19
한번,18,18
지금,18,18
아시,18,18
몸,18,18
누나,18,18
걸그룹,18,18
발언,17,17
계속,17,17
난,17,17
처음,16,16
유튜브,16,16
신분,16,16
옷,16,16
욕,16,16
돈,16,16
하나,15,15
팬티,14,14
쩐다,14,14
하니,14,14
입,14,14
무엇,14,14
머리,14,14
바지,14,14
관련,14,14
골반,14,14
팬,13,13
요,13,13
매력,13,13
방송,13,13
기분,13,13
함,12,12
허리,12,12
_다,12,12
우리나라,12,12
이건,12,12
역시,12,12
응원,12,12
우리,12,12
소속사,12,12
무대,12,12
마이크,12,12
선,12,12
머임,12,12
수준,12,12
머,12,12
보기,12,12
누구,12,12
대박,12,12
은,11,11
용,11,11
번,11,11
뭘,11,11
민아,11,11
박,11,11
해,11,11
제,10,10
항상,10,10
팀,10,10
아이돌,10,10
와우,10,10
어디,10,10
이분,10,10
이언,10,10
여,10,10
위,10,10
앞,10,10
벌써,10,10
로,10,10
모습,10,10
뮤비,10,10
일,10,10
게,10,10
느낌,10,10
놈,10,10
건가,10,10
그룹,10,10
다이어트,10,10
한국,9,9
줄,9,9
엉덩이,9,9
이유,9,9
브베,9,9
누,9,9
가슴,9,9
김,9,9
학교,8,8
표현,8,8
채널,8,8
저런,8,8
저건,8,8
최고,8,8
정보,8,8
점,8,8
여러분,8,8
오우,8,8
이상,8,8
알,8,8
시간,8,8
야동,8,8
자꾸,8,8
시발,8,8
여성,8,8
얼마나,8,8
옴,8,8
본인,8,8
무슨,8,8
상품화,8,8
마,8,8
보이,8,8
관리,8,8
정,8,8
대한민국,8,8
가즈,8,8
걸스데이,8,8
니,8,8
거지,8,8
다른,8,8
너,8,8
다리,8,8
거의,8,8
단백질,8,8
깨,8,8
달,8,8
동영상,8,8
간다,8,8
글,8,8
때문,8,8
하자,7,7
휴지,7,7
컨셉,7,7
최소,7,7
짱,7,7
왕,7,7
인생,7,7
이형,7,7
유지,7,7
만,7,7
명,7,7
소리,7,7
부모님,7,7
또,7,7
벌,7,7
구독,7,7
드립,7,7
노,7,7
남,7,7
수,7,7
창,6,6
전설,6,6
차라리,6,6
해도,6,6
티,6,6
주인,6,6
저기,6,6
표정,6,6
하루,6,6
타조,6,6
크러쉬,6,6
자체,6,6
얘,6,6
악,6,6
신고,6,6
인구,6,6
연,6,6
완전,6,6
스타일,6,6
원본,6,6
이제,6,6
얼마,6,6
완벽,6,6
와중,6,6
맘,6,6
수위,6,6
보,6,6
모두,6,6
사회,6,6
로서,6,6
맛,6,6
롱,6,6
보빠,6,6
발,6,6
비노,6,6
린다,6,6
상처,6,6
밤,6,6
세상,6,6
번만,6,6
속옷,6,6
마냥,6,6
수술,6,6
가요,6,6
꼭,6,6
갑자기,6,6
걱정,6,6
가수,6,6
곡,6,6
덕분,6,6
깃털,6,6
등,6,6
차이,5,5
추천,5,5
형,5,5
털,5,5
후,5,5
재,5,5
축제,5,5
온,5,5
연습,5,5
어머님,5,5
영화,5,5
오우야,5,5
잉,5,5
빵,5,5
반,5,5
성욕,5,5
배,5,5
섹,5,5
못,5,5
살,5,5
맨,5,5
봄,5,5
봉,5,5
검색,5,5
나라,5,5
대학,5,5
그게,5,5
노출,5,5
기대,5,5
다른사람,5,5
갓,5,5
독자,5,5
도둑,5,5
호,4,4
합성,4,4
쯤,4,4
탁탁,4,4
행,4,4
탓,4,4
홀리,4,4
찌찌,4,4
_,4,4
정신,4,4
큐티,4,4
텐트,4,4
클라스,4,4
제일,4,4
혹시,4,4
찬,4,4
화장,4,4
파티,4,4
타,4,4
조금,4,4
흐,4,4
중독,4,4
졸라,4,4
채팅,4,4
해저,4,4
점점,4,4
행복,4,4
천만,4,4
클럽,4,4
촬영,4,4
호강,4,4
지리,4,4
홀,4,4
조횟수,4,4
화이팅,4,4
전,4,4
활동,4,4
한계,4,4
키,4,4
짐,4,4
존슨,4,4
흥,4,4
실력,4,4
인기,4,4
_,4,4
실제,4,4
위키,4,4
웨이브,4,4
이영,4,4
음,4,4
인,4,4
음악,4,4
스타,4,4
응,4,4
일반,4,4
오지,4,4
약간,4,4
어우,4,4
_,4,4
의아,4,4
외모,4,4
의젖,4,4
아래쪽,4,4
실종,4,4
인물,4,4
쉬바,4,4
인지도,4,4
입장,4,4
일만,4,4
자극,4,4
장담,4,4
우왕,4,4
운동,4,4
심해,4,4
연예인,4,4
잠,4,4
자제,4,4
시벌,4,4
원래,4,4
스트립,4,4
장난,4,4
뺨,4,4
새끼,4,4
상이,4,4
보미,4,4
명문,4,4
레즈,4,4
모양,4,4
매일,4,4
상태,4,4
물,4,4
선택,4,4
보임,4,4
맙시,4,4
보지,4,4
사실,4,4
방금,4,4
밑,4,4
림,4,4
바,4,4
뱃살,4,4
상황,4,4
버,4,4
선도,4,4
속,4,4
범,4,4
쇼,4,4
성형,4,4
빈,4,4
밥,4,4
레게,4,4
몇,4,4
부분,4,4
먼저,4,4
비난,4,4
모든,4,4
레,4,4
보빠야,4,4
마약,4,4
대상,4,4
누님,4,4
그동안,4,4
금딸,4,4
가장,4,4
고생,4,4
댄서,4,4
감수,4,4
국민,4,4
기억,4,4
구만,4,4
기회,4,4
단골,4,4
갑,4,4
대학가,4,4
깨끗,4,4
댜,4,4
거임,4,4
넹,4,4
꼬,4,4
건,4,4
개지,4,4
눈웃음,4,4
돌림,4,4
능,4,4
딸,4,4
곳,4,4
관객,4,4
답,4,4
덕질,4,4
그녀,4,4
광고,4,4
대학교,4,4
구,4,4
댓,4,4
나무,4,4
자,4,4
_,4,4
네,4,4
난왜,4,4
거나,4,4
날,4,4
꼴,4,4
딸감,4,4
끝,4,4
끼,4,4
휘,3,3
친구,3,3
태,3,3
천국,3,3
칭찬,3,3
현,3,3
하이,3,3
하하,3,3
츄릅,3,3
준,3,3
황,3,3
주시,3,3
티비,3,3
쪽,3,3
하앍,3,3
퍄퍄,3,3
폰,3,3
카,3,3
아아,3,3
악플러,3,3
위해,3,3
에드,3,3
이지,3,3
열,3,3
우유,3,3
박진영,3,3
미쿠,3,3
생,3,3
비,3,3
민,3,3
상,3,3
솔,3,3
순,3,3
거기,3,3
관리자,3,3
당신,3,3
규,3,3
노력,3,3
기모찌,3,3
진,3,3
길이,3,3
고양이,3,3
개꿀,3,3
관심,3,3
너희,3,3
디,3,3
집,2,2
퍼퍽,2,2
현재,2,2
천사,2,2
피로,2,2
천육백만,2,2
핸드폰,2,2
천이백만,2,2
재목,2,2
천직,2,2
적,2,2
천팔백만,2,2
진심,2,2
철,2,2
전북대,2,2
첫,2,2
허허허_,2,2
청,2,2
전세계,2,2
체,2,2
졸,2,2
초기,2,2
직업여성,2,2
촌,2,2
프사,2,2
저걸,2,2
하나로,2,2
좃타,2,2
하의,2,2
최고다,2,2
한마디,2,2
종아리,2,2
_,2,2
좇되,2,2
_쟉,2,2
좋넹,2,2
혁,2,2
주둥이,2,2
호감,2,2
춤선,2,2
절대,2,2
춤은잘몬추,2,2
후웅_,2,2
충,2,2
흙,2,2
충격,2,2
편안함,2,2
취미,2,2
표,2,2
재야,2,2
풍기,2,2
측애서,2,2
피,2,2
치료,2,2
필요,2,2
치마,2,2
하느님,2,2
치명,2,2
적지,2,2
친,2,2
잼민,2,2
주심,2,2
징징,2,2
_,2,2
짜샤들,2,2
침,2,2
젠,2,2
침으른다,2,2
_,2,2
주의,2,2
젼나,2,2
정면,2,2
허벅지,2,2
희생,2,2
헤어,2,2
힘,2,2
현실,2,2
커버,2,2
쟤,2,2
커엽다,2,2
호모,2,2
컨,2,2
화병,2,2
컨데,2,2
절반,2,2
죽여줴,2,2
효진,2,2
케인,2,2
훌라후프,2,2
코,2,2
천만이,2,2
코피,2,2
흐윽,2,2
쾅,2,2
편안,2,2
큐,2,2
포함,2,2
재접률,2,2
폰_,2,2
큰게슴,2,2
직접,2,2
준비,2,2
품번좀,2,2
정상,2,2
프로,2,2
클린,2,2
플라스틱,2,2
킁,2,2
피나,2,2
중간,2,2
피부,2,2
저희,2,2
직행,2,2
키도,2,2
하내,2,2
킬링,2,2
하늘,2,2
중인,2,2
하랑,2,2
타의,2,2
진짜루,2,2
타인,2,2
질질,2,2
타임,2,2
하진,2,2
탁,2,2
징,2,2
즈,2,2
짝,2,2
탑,2,2
한몫,2,2
즐감,2,2
할삘,2,2
증말,2,2
제조,2,2
지고,2,2
쫄깃,2,2
터,2,2
쫑,2,2
정화,2,2
해체,2,2
텐데,2,2
햇,2,2
지려버렷다,2,2
찍,2,2
톡,2,2
졈,2,2
툐,2,2
허쉬,2,2
툭하면,2,2
헐벗,2,2
튜브,2,2
헤헤,2,2
트위치,2,2
차,2,2
정흔,2,2
현자,2,2
티나,2,2
혐오,2,2
지민,2,2
조선,2,2
티스,2,2
조화수,2,2
지방,2,2
참고,2,2
티켓,2,2
창구,2,2
파이팅,2,2
창피,2,2
파킬,2,2
환상,2,2
파트,2,2
책,2,2
지상,2,2
횐줄,2,2
판매,2,2
처자,2,2
판타스틱,2,2
후원,2,2
팔로우,2,2
훠,2,2
팝,2,2
재범,2,2
지옥,2,2
흔드,2,2
직,2,2
흐느적,2,2
퍄,2,2
천백만,2,2
직관,2,2
힌털,2,2
카메라,2,2
힛셋메딤,2,2
캐,2,2
칠,2,2
아침,2,2
어로,2,2
앞줄,2,2
어후,2,2
아예,2,2
어흑,2,2
슈_,2,2
시봉르르,2,2
스,2,2
언제,2,2
아_다,2,2
시선,2,2
유혹,2,2
시작,2,2
의사,2,2
식,2,2
이사,2,2
식스밤,2,2
인간,2,2
엉엉,2,2
일어나서,2,2
어조,2,2
어어,2,2
에바,2,2
어쩌겠,2,2
엠창쌀꺼같,2,2
아이,2,2
엣헴엣헴,2,2
율동,2,2
신가,2,2
시,2,2
신경,2,2
안부,2,2
_,2,2
암,2,2
쉴드,2,2
이심,2,2
여신,2,2
이해,2,2
실,2,2
시력,2,2
여자라서,2,2
인형,2,2
여자애,2,2
어그,2,2
여자친구,2,2
자로,2,2
여친,2,2
워,2,2
역대,2,2
월드,2,2
스탈,2,2
아악,2,2
역주행,2,2
유명,2,2
실리콘,2,2
유트버님,2,2
여한,2,2
윤설,2,2
연봉,2,2
은근,2,2
실명,2,2
어찌,2,2
실시간,2,2
의견,2,2
연주회,2,2
안녕,2,2
어쨋,2,2
이군,2,2
염,2,2
이또,2,2
영,2,2
압도,2,2
스테로이드,2,2
이상은,2,2
영정,2,2
았었으,2,2
영향,2,2
이제야,2,2
스트레스,2,2
익명,2,2
옆,2,2
야마,2,2
잡고,2,2
인정,2,2
스트리트,2,2
인터넷,2,2
심정은,2,2
어,2,2
오늘밤,2,2
일출,2,2
오리,2,2
시_,2,2
오마이갓,2,2
시_,2,2
오브젝트,2,2
자유시간,2,2
오어,2,2
어케사,2,2
오오오,2,2
스피커,2,2
오오오오오오오,2,2
원주,2,2
심지어,2,2
웨,2,2
스트리퍼,2,2
웰케,2,2
십,2,2
위아래,2,2
오지랖,2,2
어쩌면,2,2
오히려,2,2
유물,2,2
쌈,2,2
슴술,2,2
온도,2,2
유형,2,2
싸랑,2,2
유후,2,2
싸보렸다,2,2
율,2,2
옷꼬,2,2
아이라인,2,2
옷차림,2,2
아이콘,2,2
슈,2,2
습,2,2
와일브러,2,2
응기,2,2
쌤,2,2
의,2,2
_발,2,2
의도,2,2
썸네일,2,2
안남,2,2
쓰기,2,2
안드,2,2
왕마,2,2
안영미,2,2
쓰시,2,2
이나라,2,2
_거든,2,2
이드,2,2
씨,2,2
이루,2,2
왜남,2,2
이모지,2,2
왜단,2,2
이뽀,2,2
왜이리웃_,2,2
압승,2,2
_케,2,2
이슬람국,2,2
외,2,2
이양,2,2
외국,2,2
시구,2,2
외국인,2,2
시기,2,2
외람,2,2
억,2,2
씹선비,2,2
앨범,2,2
외퀴들,2,2
야단,2,2
아기,2,2
시냐,2,2
요새,2,2
인내,2,2
아_,2,2
시바,2,2
요염,2,2
인증,2,2
욕망,2,2
인척,2,2
욕하자,2,2
얘넨,2,2
스트립쇼,2,2
얘몬데이러케떳,2,2
용의,2,2
일본인,2,2
용이,2,2
일주일,2,2
우두둑,2,2
일케,2,2
스폰,2,2
어깨,2,2
아마,2,2
자가,2,2
아무,2,2
어른,2,2
우월감,2,2
자라,2,2
어엉,2,2
자우림,2,2
잘빠_,2,2
자의,2,2
스바,2,2
자주,2,2
어제,2,2
웃음,2,2
잘_,2,2
욱,2,2
잠시,2,2
아버지,2,2
움직,2,2
옆구리,2,2
장래희망,2,2
옛날,2,2
오징어,2,2
말기,2,2
빠개쁜다,2,2
를,2,2
반함,2,2
상관,2,2
멍,2,2
밍밍,2,2
발기부전,2,2
수두,2,2
발끝,2,2
로벌,2,2
발레리나,2,2
상탈,2,2
발사,2,2
선정,2,2
목록,2,2
섹쉬해,2,2
목표,2,2
손해,2,2
밤밤,2,2
매체,2,2
레루,2,2
뼈,2,2
레알,2,2
미디어,2,2
방가,2,2
상위호환,2,2
몸소,2,2
미췬,2,2
방망이,2,2
말로,2,2
방문,2,2
설정,2,2
방법,2,2
세계,2,2
링크,2,2
소,2,2
몸치,2,2
매번,2,2
배우자,2,2
맷퇘지들,2,2
백만,2,2
수신료,2,2
백배,2,2
빌런,2,2
백조,2,2
뻔,2,2
멘탈,2,2
사람과,2,2
묜,2,2
삭,2,2
뚱땡,2,2
살_,2,2
묫,2,2
상상,2,2
번은,2,2
미래,2,2
순례,2,2
랄,2,2
벌레,2,2
색시,2,2
무난,2,2
샷건,2,2
벌이,2,2
선생님,2,2
무단,2,2
선플,2,2
벗,2,2
성매매,2,2
벙,2,2
_초,2,2
베,2,2
세종대왕,2,2
베이,2,2
섹_,2,2
변호,2,2
소름,2,2
병림픽,2,2
박아,2,2
레이샤,2,2
손님,2,2
보겠_,2,2
솔이,2,2
보겸,2,2
박하,2,2
마리,2,2
수면,2,2
마사지,2,2
수업,2,2
떡,2,2
로리,2,2
무시,2,2
로만,2,2
멤버,2,2
_,2,2
보시,2,2
뻣,2,2
무조건,2,2
만하,2,2
문란,2,2
만해,2,2
보조개,2,2
사이,2,2
문의,2,2
믓지,2,2
뜰,2,2
살발,2,2
보창금딸,2,2
미뗬따,2,2
수지,2,2
상대,2,2
수치심,2,2
상승,2,2
면,2,2
상의,2,2
띠,2,2
미모,2,2
본적,2,2
미정,2,2
볼,2,2
미_,2,2
볼때,2,2
색기,2,2
볼라,2,2
랑스,2,2
볼륨,2,2
생활,2,2
물정,2,2
서요,2,2
렷,2,2
미투,2,2
봐_,2,2
선양,2,2
_는데,2,2
러블리즈,2,2
_,2,2
설마,2,2
부감,2,2
섯다,2,2
부디,2,2
명의,2,2
부류,2,2
성지순례,2,2
마지막,2,2
머릴,2,2
뭐더,2,2
바위,2,2
부숴,2,2
런가,2,2
부엉이,2,2
바퀴,2,2
부인,2,2
_스,2,2
띨빡이들,2,2
소고기,2,2
분명,2,2
망사,2,2
분위기,2,2
속보,2,2
불결,2,2
라지,2,2
뷴테들이_,2,2
손가락,2,2
만렙,2,2
손빼,2,2
브라가,2,2
박재범,2,2
만큼,2,2
송,2,2
블랙,2,2
쇼걸,2,2
땐데,2,2
수도권,2,2
뭐죵,2,2
수로,2,2
뭔,2,2
멋,2,2
비록,2,2
수아,2,2
비빔밥,2,2
반성,2,2
비시,2,2
반찬,2,2
비제,2,2
보청,2,2
순간,2,2
복장,2,2
복제,2,2
땐,2,2
거슴,2,2
노골,2,2
_,2,2
권,2,2
각선미,2,2
간접,2,2
당사자,2,2
갇,2,2
도태,2,2
그거,2,2
고,2,2
개떼돈,2,2
국회의원,2,2
그날,2,2
달러,2,2
갈수록,2,2
고추가,2,2
개사,2,2
데이터,2,2
개색쉬,2,2
두,2,2
그따위,2,2
각광,2,2
그랴,2,2
눈살,2,2
감동,2,2
닝,2,2
그죵,2,2
다시,2,2
극혐,2,2
다이아몬드,2,2
근육,2,2
고안,2,2
감사,2,2
대면,2,2
개월,2,2
대한,2,2
금보,2,2
덕애,2,2
급,2,2
도랏,2,2
거주,2,2
굳이,2,2
기독교,2,2
듬,2,2
기둥,2,2
노무,2,2
기록,2,2
가사,2,2
구름,2,2
금요일,2,2
기본,2,2
눈화장,2,2
건대,2,2
님,2,2
기상,2,2
니야,2,2
기심,2,2
가정,2,2
건아,2,2
다음,2,2
기여웡,2,2
다음생,2,2
기와,2,2
다행,2,2
기적,2,2
닮음,2,2
기전,2,2
닷,2,2
유,2,2
_,2,2
기획사,2,2
군대,2,2
긴장,2,2
고함,2,2
국문,2,2
각오,2,2
감스트,2,2
더짐,2,2
김범,2,2
덜,2,2
김지수,2,2
도데,2,2
김청,2,2
도입,2,2
걸레,2,2
돈버시,2,2
때돈버,2,2
돌팥,2,2
_,2,2
드럼,2,2
감흥,2,2
가보,2,2
걸이,2,2
국위,2,2
개인,2,2
노비,2,2
껌짝,2,2
뇌,2,2
검열,2,2
누가,2,2
거성,2,2
가식,2,2
꼭지,2,2
눈빛,2,2
게왜,2,2
곡임,2,2
꽃길,2,2
느금마,2,2
꽤꼬닥,2,2
곱하기,2,2
꿀,2,2
님들,2,2
게임,2,2
니거,2,2
끝판,2,2
다되가_,2,2
땍,2,2
고급,2,2
갑지,2,2
다세,2,2
낚시,2,2
다실,2,2
겨,2,2
개념,2,2
난뭐,2,2
가지,2,2
겨드랑이,2,2
다이스,2,2
난이도,2,2
가치,2,2
겨울,2,2
달라,2,2
남녀,2,2
닭털,2,2
남성은,2,2
담,2,2
가끔,2,2
답글,2,2
남자라면,2,2
당,2,2
남자에게,2,2
구찌,2,2
남자친구,2,2
대로,2,2
남친,2,2
대부분,2,2
납득,2,2
대체,2,2
낫,2,2
고통,2,2
결심,2,2
대학생,2,2
나름,2,2
대해,2,2
겹,2,2
댄스실력,2,2
나비,2,2
과,2,2
나왓을,2,2
과언,2,2
나이,2,2
거닷,2,2
낮,2,2
뎅,2,2
경복대,2,2
도대체,2,2
가라,2,2
간만,2,2
넌,2,2
도리,2,2
널렸,2,2
군악,2,2
국뽕,2,2
돈버는고,2,2
거려,2,2
돈졸라버,2,2
디나,2,2
돌리시,2,2
따름,2,2
동물,2,2
거리,2,2
뒤쪽,2,2
년,2,2
들보,2,2
년전,2,2
굿,2,2
논란,2,2
경의,2,2
교육,2,2
경험,2,2
따위,2,2
_,2,2
구경,2,2
녀,2,2
개꼴,2,2
지혁,1,1
황소,1,1
정민,1,1
찌유,1,1
한국인,1,1
정장,1,1
조화,1,1
정진,1,1
호준,1,1
주비,1,1
크루,1,1
정찬영,1,1
한우,1,1
차차,1,1
치킨,1,1
정현,1,1
카스,1,1
정현준,1,1
조휘,1,1
태경,1,1
켓,1,1
태리,1,1
존윅,1,1
태무,1,1
정영석,1,1
택,1,1
조민서,1,1
참새,1,1
충북대,1,1
절도,1,1
전대,1,1
털배,1,1
조재호,1,1
털실쥐,1,1
헌,1,1
테,1,1
현동,1,1
주주,1,1
혜리,1,1
창문,1,1
호잇,1,1
창민,1,1
홍,1,1
토스트,1,1
코율,1,1
통,1,1
정민철,1,1
장하리,1,1
쪼쫘,1,1
정희,1,1
쟈기,1,1
채민,1,1
한교,1,1
트리,1,1
지연,1,1
채석,1,1
한양대,1,1
채윤,1,1
할거드릅,1,1
젖,1,1
합격,1,1
티모,1,1
지희,1,1
채훈,1,1
조슈아,1,1
준연,1,1
햄스터,1,1
처,1,1
장영,1,1
처갓집,1,1
허용,1,1
파도,1,1
진자,1,1
파이,1,1
진진,1,1
처리,1,1
캔디,1,1
파친,1,1
협협,1,1
준영,1,1
혜인,1,1
준호,1,1
호랭이,1,1
판,1,1
혼돈,1,1
적군,1,1
홀로,1,1
판다,1,1
홍준철,1,1
제공,1,1
코우몽,1,1
장원준,1,1
황규선,1,1
팔,1,1
황주,1,1
천민,1,1
잼,1,1
정경희,1,1
짱구,1,1
패창,1,1
정승,1,1
쥬,1,1
종무,1,1
팬더,1,1
히히힉,1,1
팬텀,1,1
찍기,1,1
쥬스,1,1
조명,1,1
제육,1,1
지선,1,1
제이,1,1
한무,1,1
즐겜,1,1
한상민,1,1
페페,1,1
한영민,1,1
펜타곤,1,1
한재현,1,1
펠레,1,1
지우,1,1
천하,1,1
충성,1,1
즐라탄,1,1
합방,1,1
포기,1,1
지훈,1,1
포로리,1,1
해결,1,1
포탈,1,1
해독제,1,1
즙,1,1
조영인,1,1
정규재,1,1
햄,1,1
청마,1,1
조영재,1,1
청아,1,1
조준호,1,1
지경,1,1
진구,1,1
체시,1,1
진에어,1,1
정글,1,1
진우,1,1
초밥,1,1
카나다,1,1
초연,1,1
헤으응,1,1
초이,1,1
헷,1,1
초코,1,1
캐릭터,1,1
정다영,1,1
현수,1,1
재우,1,1
재원,1,1
최,1,1
진학,1,1
최강,1,1
커피,1,1
피자,1,1
혜성,1,1
피츄,1,1
정민서,1,1
피카츄,1,1
컬러,1,1
피크닉,1,1
컴플렉스,1,1
피터팬,1,1
켈,1,1
필,1,1
케이,1,1
필스너,1,1
호진,1,1
지로,1,1
족발,1,1
지류,1,1
홍엽,1,1
최도현,1,1
화랑,1,1
최명길,1,1
집마렵다,1,1
최민,1,1
콩,1,1
정동욱,1,1
코칭,1,1
최영민,1,1
황민,1,1
하람,1,1
황인준,1,1
최예진,1,1
존,1,1
최윤,1,1
쿠쿠,1,1
최은설,1,1
훈,1,1
하야,1,1
정빈,1,1
하원,1,1
장주,1,1
하윤,1,1
정성,1,1
최재원,1,1
크레스포,1,1
최창,1,1
종,1,1
최현우,1,1
킬러,1,1
최희,1,1
히믓,1,1
정로,1,1
킴,1,1
조두순,1,1
타래,1,1
학년,1,1
출연,1,1
칠전팔기,1,1
에_,1,1
심승현,1,1
시윤,1,1
심재훈,1,1
이영재,1,1
승현,1,1
왕창,1,1
열자,1,1
식당,1,1
아연,1,1
이승,1,1
웨더,1,1
이일경,1,1
식중독,1,1
왕왕,1,1
영동대,1,1
엔델,1,1
웹툰,1,1
앤초비,1,1
스마일,1,1
자스민,1,1
스네이크,1,1
연우,1,1
어머니,1,1
엄마,1,1
십덕,1,1
이은서,1,1
유경수,1,1
이재홍,1,1
유딩,1,1
이태성,1,1
영훈,1,1
이현무,1,1
아이스,1,1
이호진,1,1
유민,1,1
씽쌩쏭,1,1
유운경,1,1
승준,1,1
유준,1,1
임채현,1,1
스카이,1,1
우르,1,1
유키,1,1
연두,1,1
예롬,1,1
장,1,1
예스,1,1
이스트,1,1
유하,1,1
이승준,1,1
유한,1,1
완두콩,1,1
예은,1,1
완용,1,1
예찬,1,1
이은호,1,1
윤,1,1
이재영,1,1
옌지,1,1
암캐,1,1
윤도환,1,1
이치,1,1
윤똘,1,1
이태훈,1,1
윤상현,1,1
이해인,1,1
스파이크,1,1
이현수,1,1
윤영,1,1
에리,1,1
윤인우,1,1
엑소,1,1
윤정,1,1
엔케,1,1
윤휘,1,1
앙찌잉,1,1
어웨이크,1,1
여름,1,1
아하,1,1
일상,1,1
오디션,1,1
앰,1,1
오렌지,1,1
임현,1,1
은기,1,1
우간다,1,1
은서,1,1
아무르호랑이,1,1
신성,1,1
식빵,1,1
은우,1,1
아성,1,1
은율,1,1
웅앵웅,1,1
은하,1,1
워너블,1,1
신소영,1,1
이스,1,1
신수,1,1
엄,1,1
음졸,1,1
이승빈,1,1
오빠,1,1
이승훈,1,1
신우,1,1
엄정,1,1
응꼬,1,1
엄준,1,1
오옘,1,1
이용재,1,1
신유상,1,1
이유현,1,1
신윤서,1,1
이은재,1,1
신주원,1,1
이응,1,1
의리,1,1
이재성,1,1
어케알았노시발련,1,1
이재형,1,1
의사양반,1,1
씨스타,1,1
오은택,1,1
이중,1,1
오재윤,1,1
이충,1,1
오정,1,1
이쿠,1,1
__,1,1
이태현,1,1
안상,1,1
이하은,1,1
시비,1,1
이해도,1,1
오진우,1,1
이현,1,1
이규민,1,1
이현민,1,1
이규원,1,1
이현우,1,1
이꽈,1,1
씰리폰,1,1
이나,1,1
이형석,1,1
장보,1,1
승,1,1
장승현,1,1
에핑,1,1
이도,1,1
왜처,1,1
이동현,1,1
엘모,1,1
안유,1,1
앙룡항셍용,1,1
안재현,1,1
인터,1,1
안함,1,1
승재,1,1
온유,1,1
요리조리,1,1
씨발,1,1
애나,1,1
이민석,1,1
여잉,1,1
알파카,1,1
시프,1,1
이브라히모비치,1,1
임은주,1,1
얼음,1,1
임페넬,1,1
이뽀경,1,1
아름이,1,1
옷좀,1,1
우,1,1
얼터,1,1
역,1,1
이상묵,1,1
실최,1,1
이상우,1,1
양파,1,1
옹웅,1,1
양호,1,1
이상준,1,1
우현,1,1
이상현,1,1
운,1,1
이상협,1,1
운부,1,1
이서,1,1
연어,1,1
이석준,1,1
웅웅,1,1
이성민,1,1
심윤일,1,1
이성은,1,1
워메,1,1
이세훈,1,1
이수진,1,1
술통,1,1
오타쿠,1,1
레몬,1,1
송서,1,1
세훈,1,1
미치코,1,1
뚜루뚜,1,1
리아,1,1
성민,1,1
머쓱,1,1
류,1,1
미홍,1,1
수인,1,1
리안,1,1
서리,1,1
민구,1,1
순이,1,1
민수,1,1
만화,1,1
리얼리티,1,1
루삥뽕,1,1
봄늘,1,1
손지훈,1,1
봄비,1,1
류현준,1,1
민정호,1,1
새벽,1,1
민준,1,1
샤월,1,1
민혁,1,1
서현,1,1
민호,1,1
선비,1,1
밀라노,1,1
로키,1,1
부경,1,1
롤창,1,1
밍,1,1
문주현,1,1
리유,1,1
말장난,1,1
리진,1,1
망고,1,1
메이,1,1
소은,1,1
부산,1,1
보관,1,1
바나나,1,1
보리,1,1
바스락,1,1
보영,1,1
리치,1,1
리드,1,1
바이,1,1
라이더,1,1
리타,1,1
만남,1,1
리프,1,1
만두,1,1
불가,1,1
방음,1,1
바키,1,1
서현수,1,1
불변,1,1
선량,1,1
불신,1,1
배식,1,1
_,1,1
선혜,1,1
__,1,1
무아,1,1
면상,1,1
백합,1,1
븐,1,1
성준,1,1
박경,1,1
료,1,1
박기현,1,1
문지성,1,1
박보검,1,1
료훈,1,1
박서준,1,1
센터,1,1
박선순,1,1
소녀,1,1
비거,1,1
베이비,1,1
박선우,1,1
망초,1,1
박소연,1,1
매그니토,1,1
비디오,1,1
손호성,1,1
박수,1,1
송도,1,1
비모,1,1
송하,1,1
박_,1,1
보밍,1,1
비서,1,1
수비,1,1
비스타,1,1
미미,1,1
박시은,1,1
리,1,1
비엔나,1,1
복실,1,1
박시형,1,1
롤,1,1
비트겐슈타인,1,1
마트,1,1
레인보우,1,1
생계,1,1
박예원,1,1
샤엘블,1,1
빙수,1,1
샤즈,1,1
빙키,1,1
서당,1,1
빛,1,1
서영석,1,1
빡빡,1,1
서울,1,1
박예진,1,1
석,1,1
박원순,1,1
석가모니,1,1
빠빠,1,1
배달,1,1
릴레이,1,1
선민,1,1
박정연,1,1
배드,1,1
박정훈,1,1
만류,1,1
박지성,1,1
백룡,1,1
뽀짝,1,1
만수무강,1,1
___,1,1
설화,1,1
뿡빵,1,1
백종원,1,1
쀼에링,1,1
성오,1,1
삥뽕루,1,1
성재,1,1
사과,1,1
성주,1,1
사단,1,1
라코스테,1,1
박지호,1,1
번강,1,1
러,1,1
세민,1,1
박진호,1,1
세인,1,1
사마천,1,1
세현,1,1
사신,1,1
문호준,1,1
박태진,1,1
루드,1,1
사용자,1,1
법칙,1,1
명찍,1,1
셰리,1,1
사쿠라,1,1
루스,1,1
박현,1,1
루시,1,1
박형규,1,1
소방,1,1
사탄,1,1
변,1,1
똥땡__,1,1
별꼴,1,1
레페,1,1
소유,1,1
모기,1,1
뭣,1,1
삼겹살,1,1
률,1,1
삼다수,1,1
보경,1,1
럭셔리,1,1
므흥,1,1
뚱이,1,1
류경,1,1
로또,1,1
송명준,1,1
상명대,1,1
송진,1,1
마시마로,1,1
보나마나,1,1
모음,1,1
미눙,1,1
상위,1,1
류츠키,1,1
발렌시아,1,1
보스,1,1
모찌,1,1
맥콜,1,1
마시_,1,1
뚱,1,1
발터,1,1
미소,1,1
라이,1,1
미스터,1,1
몬스터,1,1
미주,1,1
마우스,1,1
복숭아,1,1
록,1,1
리스,1,1
방,1,1
백,1,1
댕,1,1
병신,1,1
돌이,1,1
나물,1,1
대위,1,1
권유,1,1
국,1,1
권종,1,1
강찬,1,1
권혁,1,1
당케,1,1
나인,1,1
강,1,1
나이키,1,1
꽃,1,1
귀리,1,1
강원,1,1
나트,1,1
두두리,1,1
가능,1,1
게보린,1,1
내일,1,1
고결,1,1
냉,1,1
가해,1,1
김건희,1,1
김혜경,1,1
김경,1,1
그니,1,1
김경민,1,1
더더,1,1
김고잉,1,1
갱생,1,1
너바나,1,1
도안,1,1
너클,1,1
월,1,1
김광,1,1
남성,1,1
김김,1,1
드라마,1,1
김기대,1,1
사,1,1
김기준,1,1
계정,1,1
네드,1,1
김찬호,1,1
네이버,1,1
김태경,1,1
김나영,1,1
김태현,1,1
김남균,1,1
김현우,1,1
김냠,1,1
김협,1,1
녕,1,1
기미,1,1
녜린,1,1
관용,1,1
가라사대,1,1
관종극혐,1,1
김대건,1,1
목,1,1
김덕,1,1
광부,1,1
농,1,1
강민혁,1,1
김덕원,1,1
꿈,1,1
가브리엘,1,1
낑깡,1,1
김도원,1,1
금재,1,1
노루,1,1
도토,1,1
김도현,1,1
기맹,1,1
김동욱,1,1
동동,1,1
노스,1,1
동작구,1,1
노자,1,1
둘리,1,1
김동현,1,1
드록바,1,1
김동호,1,1
기소,1,1
_햇동,1,1
공대,1,1
김동휘,1,1
낭,1,1
김머훈,1,1
개구리,1,1
김민규,1,1
김진우,1,1
누군가,1,1
김창환,1,1
묘,1,1
당근,1,1
김민재,1,1
김태영,1,1
김민지,1,1
김태태,1,1
누룽지,1,1
김트수,1,1
김민형,1,1
김하늘,1,1
고건희,1,1
대선,1,1
눈썹,1,1
대장님,1,1
김범진,1,1
김형준,1,1
김서영,1,1
축,1,1
늉미늉,1,1
겐지,1,1
김선민,1,1
무,1,1
김선우,1,1
강덕,1,1
김성윤,1,1
댄싱,1,1
가을,1,1
강릉,1,1
김성준,1,1
댕댕,1,1
김성호,1,1
강민,1,1
김소민,1,1
광민,1,1
김수경,1,1
괴도,1,1
니승,1,1
기,1,1
김수현,1,1
교정,1,1
니콜라테슬라,1,1
강아지,1,1
다나,1,1
글로리,1,1
다니엘,1,1
고무,1,1
김승범,1,1
도세,1,1
김승원,1,1
도영,1,1
김신영,1,1
거부,1,1
감자,1,1
개땡,1,1
김영진,1,1
경수,1,1
김예은,1,1
게놈,1,1
김예찬,1,1
가구,1,1
김용현,1,1
경호,1,1
김윤성,1,1
동락,1,1
김인간,1,1
강은지,1,1
단풍,1,1
공,1,1
김자,1,1
두원공대,1,1
김재민,1,1
군,1,1
김정,1,1
구리,1,1
다이아,1,1
드론,1,1
김제,1,1
듣보잡,1,1
다인,1,1
공격,1,1
김종현,1,1
남채영,1,1
김준혁,1,1
딩,1,1
달걀,1,1
공포,1,1
김준호,1,1
공항,1,1
김지민,1,1
딸긔,1,1
규민,1,1
나리,1,1
김지윤,1,1
김지환,1,1
깜놀,1,1
김아영,1,1
총합계,8843,8843